Name, Thickness(nm), Er, Z
IMD_3dEQ,16400.000000,3.482716,1.000000
IMD_4a,950.000000,2.900000,2.000000
IMD_4bEQ,88400.000000,4.192420,3.000000
