Name, Thickness(nm), Er, Z
PASS4EQ,95750.000000,3.919505,1.000000
PASS5,4000.000000,4.200000,2.000000
PASS6EQ,6000.000000,8.100000,3.000000
