Name, Thickness(nm), Er, Z
IMD_4bEQ,19550.000000,3.373496,1.000000
IMD_4c,500.000000,5.000000,2.000000
IMD_4d,300.000000,4.200000,3.000000
IMD_5aEQ,85400.000000,4.237031,4.000000
