Name, Thickness(nm), Er, Z
IMD_4cEQ,20050.000000,3.401087,1.000000
IMD_4d,300.000000,4.200000,2.000000
IMD_5aEQ,85400.000000,4.237031,3.000000
