Name, Thickness(nm), Er, Z
IMD_6dEQ,28250.000000,3.330632,1.000000
IMD_7a,950.000000,2.900000,2.000000
IMD_7bEQ,76550.000000,4.421593,3.000000
