Name, Thickness(nm), Er, Z
IMD_5dEQ,24300.000000,3.363676,1.000000
IMD_6a,950.000000,2.900000,2.000000
IMD_6b,2200.000000,2.900000,3.000000
IMD_6c,500.000000,5.000000,4.000000
IMD_6dEQ,77800.000000,4.392557,5.000000
