Name, Thickness(nm), Er, Z
IMD_2aEQ,9450.000000,3.748091,1.000000
IMD_2b,2200.000000,2.900000,2.000000
IMD_2c,500.000000,5.000000,3.000000
IMD_2dEQ,93600.000000,4.115675,4.000000
