Name, Thickness(nm), Er, Z
IMD_1aEQ,6400.000000,4.066093,1.000000
IMD_1b,1300.000000,2.900000,2.000000
IMD_1cEQ,98050.000000,4.068472,3.000000
