Name, Thickness(nm), Er, Z
PASS1EQ,88500.000000,3.883471,1.000000
PASS2,4000.000000,4.200000,2.000000
PASS3EQ,13250.000000,5.565000,3.000000
