Name, Thickness(nm), Er, Z
IMD_2dEQ,12450.000000,3.607302,1.000000
IMD_3a,950.000000,2.900000,2.000000
IMD_3b,2200.000000,2.900000,3.000000
IMD_3c,500.000000,5.000000,4.000000
IMD_3dEQ,89650.000000,4.172740,5.000000
