Name, Thickness(nm), Er, Z
IMD_2cEQ,12150.000000,3.594777,1.000000
IMD_2d,300.000000,4.200000,2.000000
IMD_3aEQ,93300.000000,4.115409,3.000000
