Name, Thickness(nm), Er, Z
ILDEQ,6100.000000,4.046902,1.000000
IMD_1a,300.000000,4.500000,2.000000
IMD_1bEQ,99350.000000,4.047134,3.000000
