Name, Thickness(nm), Er, Z
IMD_9bEQ,55450.000000,3.695232,1.000000
IMD_9c,32300.000000,4.200000,2.000000
PASS1EQ,18000.000000,5.254054,3.000000
