Name, Thickness(nm), Er, Z
IMD_5dEQ,24300.000000,3.363676,1.000000
IMD_6a,950.000000,2.900000,2.000000
IMD_6bEQ,80500.000000,4.334855,3.000000
