Name, Thickness(nm), Er, Z
PASS2EQ,92500.000000,3.896168,1.000000
PASS3,750.000000,8.100000,2.000000
PASS4,2500.000000,4.200000,3.000000
PASS5EQ,10000.000000,5.906250,4.000000
