Name, Thickness(nm), Er, Z
IMD_4bEQ,19550.000000,3.373496,1.000000
IMD_4c,500.000000,5.000000,2.000000
IMD_4dEQ,85700.000000,4.236900,3.000000
