Name, Thickness(nm), Er, Z
PASS2EQ,92500.000000,3.896168,1.000000
PASS3,750.000000,8.100000,2.000000
PASS4EQ,12500.000000,5.462428,3.000000
