Name, Thickness(nm), Er, Z
IMD_3bEQ,15600.000000,3.437987,1.000000
IMD_3c,500.000000,5.000000,2.000000
IMD_3dEQ,89650.000000,4.172740,3.000000
