Name, Thickness(nm), Er, Z
IMD_1cEQ,8200.000000,3.863790,1.000000
IMD_1d,300.000000,4.200000,2.000000
IMD_2aEQ,97250.000000,4.064186,3.000000
