Name, Thickness(nm), Er, Z
IMD_4aEQ,17350.000000,3.444815,1.000000
IMD_4b,2200.000000,2.900000,2.000000
IMD_4cEQ,86200.000000,4.240654,3.000000
