Name, Thickness(nm), Er, Z
IMD_4dEQ,20350.000000,3.410651,1.000000
IMD_5a,950.000000,2.900000,2.000000
IMD_5bEQ,84450.000000,4.259121,3.000000
