Name, Thickness(nm), Er, Z
IMD_5aEQ,21300.000000,3.384073,1.000000
IMD_5b,2200.000000,2.900000,2.000000
IMD_5cEQ,82250.000000,4.313189,3.000000
