Name, Thickness(nm), Er, Z
IMD_1bEQ,7700.000000,3.807605,1.000000
IMD_1c,500.000000,5.000000,2.000000
IMD_1d,300.000000,4.200000,3.000000
IMD_2a,950.000000,2.900000,4.000000
IMD_2b,2200.000000,2.900000,5.000000
IMD_2c,500.000000,5.000000,6.000000
IMD_2d,300.000000,4.200000,7.000000
IMD_3a,950.000000,2.900000,8.000000
IMD_3b,2200.000000,2.900000,9.000000
IMD_3cEQ,90150.000000,4.176572,10.000000
