Name, Thickness(nm), Er, Z
IMD_8dEQ,47100.000000,3.583430,1.000000
IMD_9a,7250.000000,4.200000,2.000000
IMD_9bEQ,51400.000000,4.567994,3.000000
