Name, Thickness(nm), Er, Z
IMD_2dEQ,12450.000000,3.607302,1.000000
IMD_3a,950.000000,2.900000,2.000000
IMD_3bEQ,92350.000000,4.133229,3.000000
