Name, Thickness(nm), Er, Z
IMD_4dEQ,20350.000000,3.410651,1.000000
IMD_5a,950.000000,2.900000,2.000000
IMD_5b,2200.000000,2.900000,3.000000
IMD_5c,500.000000,5.000000,4.000000
IMD_5d,300.000000,4.200000,5.000000
IMD_6a,950.000000,2.900000,6.000000
IMD_6b,2200.000000,2.900000,7.000000
IMD_6cEQ,78300.000000,4.395967,8.000000
