Name, Thickness(nm), Er, Z
IMD_6bEQ,27450.000000,3.303072,1.000000
IMD_6c,500.000000,5.000000,2.000000
IMD_6dEQ,77800.000000,4.392557,3.000000
