Name, Thickness(nm), Er, Z
IMD_5bEQ,23500.000000,3.332005,1.000000
IMD_5c,500.000000,5.000000,2.000000
IMD_5dEQ,81750.000000,4.309569,3.000000
