Name, Thickness(nm), Er, Z
IMD_8aEQ,38100.000000,3.418797,1.000000
IMD_8b,500.000000,8.100000,2.000000
IMD_8cEQ,67150.000000,4.501809,3.000000
