Name, Thickness(nm), Er, Z
IMD_5bEQ,23500.000000,3.332005,1.000000
IMD_5c,500.000000,5.000000,2.000000
IMD_5d,300.000000,4.200000,3.000000
IMD_6a,950.000000,2.900000,4.000000
IMD_6b,2200.000000,2.900000,5.000000
IMD_6c,500.000000,5.000000,6.000000
IMD_6d,300.000000,4.200000,7.000000
IMD_7aEQ,77500.000000,4.393336,8.000000
