Name, Thickness(nm), Er, Z
IMD_1dEQ,8500.000000,3.874737,1.000000
IMD_2a,950.000000,2.900000,2.000000
IMD_2bEQ,96300.000000,4.080345,3.000000
