Name, Thickness(nm), Er, Z
IMD_1bEQ,7700.000000,3.807605,1.000000
IMD_1c,500.000000,5.000000,2.000000
IMD_1dEQ,97550.000000,4.064591,3.000000
