Name, Thickness(nm), Er, Z
IMD_9cEQ,87750.000000,3.866269,1.000000
PASS1,750.000000,8.100000,2.000000
PASS2EQ,17250.000000,5.175000,3.000000
