Name, Thickness(nm), Er, Z
IMD_5dEQ,24300.000000,3.363676,1.000000
IMD_6a,950.000000,2.900000,2.000000
IMD_6b,2200.000000,2.900000,3.000000
IMD_6c,500.000000,5.000000,4.000000
IMD_6d,300.000000,4.200000,5.000000
IMD_7a,950.000000,2.900000,6.000000
IMD_7bEQ,76550.000000,4.421593,7.000000
