Name, Thickness(nm), Er, Z
IMD_6aEQ,25250.000000,3.343563,1.000000
IMD_6b,2200.000000,2.900000,2.000000
IMD_6cEQ,78300.000000,4.395967,3.000000
