Name, Thickness(nm), Er, Z
IMD_5aEQ,21300.000000,3.384073,1.000000
IMD_5b,2200.000000,2.900000,2.000000
IMD_5c,500.000000,5.000000,3.000000
IMD_5dEQ,81750.000000,4.309569,4.000000
