Name, Thickness(nm), Er, Z
IMD_1bEQ,7700.000000,3.807605,1.000000
IMD_1c,500.000000,5.000000,2.000000
IMD_1d,300.000000,4.200000,3.000000
IMD_2aEQ,97250.000000,4.064186,4.000000
