Name, Thickness(nm), Er, Z
IMD_1aEQ,6400.000000,4.066093,1.000000
IMD_1b,1300.000000,2.900000,2.000000
IMD_1c,500.000000,5.000000,3.000000
IMD_1dEQ,97550.000000,4.064591,4.000000
