Name, Thickness(nm), Er, Z
ILDEQ,6100.000000,4.046902,1.000000
IMD_1a,300.000000,4.500000,2.000000
IMD_1b,1300.000000,2.900000,3.000000
IMD_1c,500.000000,5.000000,4.000000
IMD_1dEQ,97550.000000,4.064591,5.000000
