Name, Thickness(nm), Er, Z
IMD_8bEQ,38600.000000,3.444583,1.000000
IMD_8c,7750.000000,4.200000,2.000000
IMD_8dEQ,59400.000000,4.544416,3.000000
