Name, Thickness(nm), Er, Z
IMD_3aEQ,13400.000000,3.545988,1.000000
IMD_3b,2200.000000,2.900000,2.000000
IMD_3cEQ,90150.000000,4.176572,3.000000
