Name, Thickness(nm), Er, Z
IMD_3cEQ,16100.000000,3.471669,1.000000
IMD_3d,300.000000,4.200000,2.000000
IMD_4a,950.000000,2.900000,3.000000
IMD_4b,2200.000000,2.900000,4.000000
IMD_4c,500.000000,5.000000,5.000000
IMD_4d,300.000000,4.200000,6.000000
IMD_5a,950.000000,2.900000,7.000000
IMD_5b,2200.000000,2.900000,8.000000
IMD_5c,500.000000,5.000000,9.000000
IMD_5dEQ,81750.000000,4.309569,10.000000
