Name, Thickness(nm), Er, Z
IMD_2bEQ,11650.000000,3.551933,1.000000
IMD_2c,500.000000,5.000000,2.000000
IMD_2dEQ,93600.000000,4.115675,3.000000
