Name, Thickness(nm), Er, Z
IMD_8cEQ,46350.000000,3.551387,1.000000
IMD_8d,750.000000,8.100000,2.000000
IMD_9aEQ,58650.000000,4.519049,3.000000
