Name, Thickness(nm), Er, Z
IMD_4cEQ,20050.000000,3.401087,1.000000
IMD_4d,300.000000,4.200000,2.000000
IMD_5a,950.000000,2.900000,3.000000
IMD_5bEQ,84450.000000,4.259121,4.000000
