Name, Thickness(nm), Er, Z
IMD_6cEQ,27950.000000,3.323248,1.000000
IMD_6d,300.000000,4.200000,2.000000
IMD_7aEQ,77500.000000,4.393336,3.000000
