Name, Thickness(nm), Er, Z
IMD_2cEQ,12150.000000,3.594777,1.000000
IMD_2d,300.000000,4.200000,2.000000
IMD_3a,950.000000,2.900000,3.000000
IMD_3b,2200.000000,2.900000,4.000000
IMD_3cEQ,90150.000000,4.176572,5.000000
