Name, Thickness(nm), Er, Z
IMD_1aEQ,6400.000000,4.066093,1.000000
IMD_1b,1300.000000,2.900000,2.000000
IMD_1c,500.000000,5.000000,3.000000
IMD_1d,300.000000,4.200000,4.000000
IMD_2a,950.000000,2.900000,5.000000
IMD_2b,2200.000000,2.900000,6.000000
IMD_2c,500.000000,5.000000,7.000000
IMD_2d,300.000000,4.200000,8.000000
IMD_3a,950.000000,2.900000,9.000000
IMD_3b,2200.000000,2.900000,10.000000
IMD_3c,500.000000,5.000000,11.000000
IMD_3dEQ,89650.000000,4.172740,12.000000
