Name, Thickness(nm), Er, Z
IMD_3cEQ,16100.000000,3.471669,1.000000
IMD_3d,300.000000,4.200000,2.000000
IMD_4aEQ,89350.000000,4.172649,3.000000
