Name, Thickness(nm), Er, Z
IMD_7aEQ,29200.000000,3.314618,1.000000
IMD_7b,2200.000000,2.900000,2.000000
IMD_7cEQ,74350.000000,4.491322,3.000000
