Name, Thickness(nm), Er, Z
IMD_2cEQ,12150.000000,3.594777,1.000000
IMD_2d,300.000000,4.200000,2.000000
IMD_3a,950.000000,2.900000,3.000000
IMD_3bEQ,92350.000000,4.133229,4.000000
