Name, Thickness(nm), Er, Z
IMD_7cEQ,31900.000000,3.299517,1.000000
IMD_8a,6200.000000,4.200000,2.000000
IMD_8bEQ,67650.000000,4.516638,3.000000
