Name, Thickness(nm), Er, Z
IMD_6dEQ,2825.000000,3.367455,1.000000
IMD_7a,95.000000,2.900000,2.000000
IMD_7b,220.000000,2.900000,3.000000
IMD_7c,50.000000,5.000000,4.000000
IMD_8a,200.000000,4.200000,5.000000
IMD_8b,18.000000,4.200000,6.000000
IMD_8c,80.000000,4.200000,7.000000
IMD_8dEQ,6942.000000,4.604504,8.000000
