Name, Thickness(nm), Er, Z
PASS3EQ,9180.000000,3.978670,1.000000
PASS4,250.000000,4.200000,2.000000
PASS5EQ,1000.000000,5.906250,3.000000
