Name, Thickness(nm), Er, Z
IMD_6bEQ,2745.000000,3.340352,1.000000
IMD_6c,50.000000,5.000000,2.000000
IMD_6dEQ,7635.000000,4.479660,3.000000
