Name, Thickness(nm), Er, Z
IMD_5dEQ,2430.000000,3.407423,1.000000
IMD_6a,95.000000,2.900000,2.000000
IMD_6bEQ,7905.000000,4.415628,3.000000
