Name, Thickness(nm), Er, Z
IMD_3aEQ,1340.000000,3.545988,1.000000
IMD_3b,220.000000,2.900000,2.000000
IMD_3cEQ,8870.000000,4.259537,3.000000
