Name, Thickness(nm), Er, Z
IMD_4cEQ,2005.000000,3.580135,1.000000
IMD_4d,30.000000,4.200000,2.000000
IMD_5aEQ,8395.000000,4.263667,3.000000
