Name, Thickness(nm), Er, Z
IMD_1cEQ,820.000000,3.863790,1.000000
IMD_1d,30.000000,4.200000,2.000000
IMD_2a,95.000000,2.900000,3.000000
IMD_2b,220.000000,2.900000,4.000000
IMD_2c,50.000000,5.000000,5.000000
IMD_2d,30.000000,4.200000,6.000000
IMD_3a,95.000000,2.900000,7.000000
IMD_3b,220.000000,2.900000,8.000000
IMD_3c,50.000000,5.000000,9.000000
IMD_3dEQ,8820.000000,4.255964,10.000000
