Name, Thickness(nm), Er, Z
IMD_6dEQ,2825.000000,3.367455,1.000000
IMD_7a,95.000000,2.900000,2.000000
IMD_7bEQ,7510.000000,4.511950,3.000000
