Name, Thickness(nm), Er, Z
IMD_1cEQ,820.000000,3.863790,1.000000
IMD_1d,30.000000,4.200000,2.000000
IMD_2a,95.000000,2.900000,3.000000
IMD_2bEQ,9485.000000,4.152781,4.000000
