Name, Thickness(nm), Er, Z
IMD_3bEQ,1560.000000,3.437987,1.000000
IMD_3c,50.000000,5.000000,2.000000
IMD_3dEQ,8820.000000,4.255964,3.000000
