Name, Thickness(nm), Er, Z
IMD_1bEQ,770.000000,3.807605,1.000000
IMD_1c,50.000000,5.000000,2.000000
IMD_1d,30.000000,4.200000,3.000000
IMD_2a,95.000000,2.900000,4.000000
IMD_2bEQ,9485.000000,4.152781,5.000000
