Name, Thickness(nm), Er, Z
IMD_5bEQ,2350.000000,3.376407,1.000000
IMD_5c,50.000000,5.000000,2.000000
IMD_5dEQ,8030.000000,4.387657,3.000000
