Name, Thickness(nm), Er, Z
IMD_4bEQ,1955.000000,3.554321,1.000000
IMD_4c,50.000000,5.000000,2.000000
IMD_4d,30.000000,4.200000,3.000000
IMD_5a,95.000000,2.900000,4.000000
IMD_5b,220.000000,2.290000,5.000000
IMD_5c,50.000000,5.000000,6.000000
IMD_5d,30.000000,4.200000,7.000000
IMD_6a,95.000000,2.900000,8.000000
IMD_6b,220.000000,2.900000,9.000000
IMD_6cEQ,7685.000000,4.482696,10.000000
