Name, Thickness(nm), Er, Z
IMD_2cEQ,1215.000000,3.594777,1.000000
IMD_2d,30.000000,4.200000,2.000000
IMD_3aEQ,9185.000000,4.192137,3.000000
