Name, Thickness(nm), Er, Z
IMD_5cEQ,2400.000000,3.399404,1.000000
IMD_5d,30.000000,4.200000,2.000000
IMD_6aEQ,8000.000000,4.388393,3.000000
