Name, Thickness(nm), Er, Z
IMD_8bEQ,3408.000000,3.376136,1.000000
IMD_8c,80.000000,4.200000,2.000000
IMD_8d,322.000000,4.200000,3.000000
IMD_8e,50.000000,8.100000,4.000000
IMD_8f,775.000000,4.200000,5.000000
IMD_8g,50.000000,5.000000,6.000000
IMD_9a,620.000000,4.200000,7.000000
IMD_9bEQ,5125.000000,4.733659,8.000000
