Name, Thickness(nm), Er, Z
IMD_3dEQ,1640.000000,3.482716,1.000000
IMD_4a,95.000000,29.000000,2.000000
IMD_4bEQ,8695.000000,4.216847,3.000000
