Name, Thickness(nm), Er, Z
IMD_2aEQ,945.000000,3.748091,1.000000
IMD_2b,220.000000,2.900000,2.000000
IMD_2c,50.000000,5.000000,3.000000
IMD_2d,30.000000,4.200000,4.000000
IMD_3a,95.000000,2.900000,5.000000
IMD_3bEQ,9090.000000,4.211750,6.000000
