Name, Thickness(nm), Er, Z
IMD_8gEQ,4685.000000,3.587705,1.000000
IMD_9a,620.000000,4.200000,2.000000
IMD_9b,50.000000,8.100000,3.000000
IMD_9c,3275.000000,4.200000,4.000000
PASS1EQ,1800.000000,6.065973,5.000000
