Name, Thickness(nm), Er, Z
IMD_7bEQ,3140.000000,3.313868,1.000000
IMD_7c,50.000000,5.000000,2.000000
IMD_8a,200.000000,4.200000,3.000000
IMD_8b,18.000000,4.200000,4.000000
IMD_8cEQ,7022.000000,4.599457,5.000000
