Name, Thickness(nm), Er, Z
IMD_6cEQ,2795.000000,3.360305,1.000000
IMD_6d,30.000000,4.200000,2.000000
IMD_7aEQ,7605.000000,4.480837,3.000000
