Name, Thickness(nm), Er, Z
IMD_2dEQ,1245.000000,3.607302,1.000000
IMD_3a,95.000000,2.900000,2.000000
IMD_3b,220.000000,2.900000,3.000000
IMD_3cEQ,8870.000000,4.259537,4.000000
