Name, Thickness(nm), Er, Z
IMD_4dEQ,2035.000000,3.587941,1.000000
IMD_5a,95.000000,2.900000,2.000000
IMD_5bEQ,8300.000000,4.286739,3.000000
