Name, Thickness(nm), Er, Z
IMD_6dEQ,2825.000000,3.367455,1.000000
IMD_7a,95.000000,2.900000,2.000000
IMD_7b,220.000000,2.900000,3.000000
IMD_7cEQ,7290.000000,4.588927,4.000000
