Name, Thickness(nm), Er, Z
IMD_1dEQ,850.000000,3.874737,1.000000
IMD_2a,95.000000,2.900000,2.000000
IMD_2bEQ,9485.000000,4.152781,3.000000
