Name, Thickness(nm), Er, Z
IMD_3cEQ,1610.000000,3.471669,1.000000
IMD_3d,30.000000,4.200000,2.000000
IMD_4aEQ,8790.000000,4.256158,3.000000
