Name, Thickness(nm), Er, Z
IMD_5cEQ,2400.000000,3.399404,1.000000
IMD_5d,30.000000,4.200000,2.000000
IMD_6a,95.000000,2.900000,3.000000
IMD_6b,220.000000,2.900000,4.000000
IMD_6c,50.000000,5.000000,5.000000
IMD_6d,30.000000,4.200000,6.000000
IMD_7a,95.000000,2.900000,7.000000
IMD_7bEQ,7510.000000,4.511950,8.000000
