Name, Thickness(nm), Er, Z
IMD_8gEQ,4685.000000,3.587705,1.000000
IMD_9a,620.000000,4.200000,2.000000
IMD_9bEQ,5125.000000,4.733659,3.000000
