Name, Thickness(nm), Er, Z
IMD_2dEQ,1245.000000,3.607302,1.000000
IMD_3a,95.000000,2.900000,2.000000
IMD_3b,220.000000,2.900000,3.000000
IMD_3c,50.000000,5.000000,4.000000
IMD_3dEQ,8820.000000,4.255964,5.000000
