Name, Thickness(nm), Er, Z
IMD_7aEQ,2920.000000,3.349887,1.000000
IMD_7b,220.000000,2.900000,2.000000
IMD_7cEQ,7290.000000,4.588927,3.000000
