Name, Thickness(nm), Er, Z
IMD_1cEQ,820.000000,3.863790,1.000000
IMD_1d,30.000000,4.200000,2.000000
IMD_2aEQ,9580.000000,4.135067,3.000000
