Name, Thickness(nm), Er, Z
IMD_7cEQ,3190.000000,3.331477,1.000000
IMD_8a,200.000000,4.200000,2.000000
IMD_8bEQ,7040.000000,4.598339,3.000000
