Name, Thickness(nm), Er, Z
IMD_4bEQ,1955.000000,3.554321,1.000000
IMD_4c,50.000000,5.000000,2.000000
IMD_4d,30.000000,4.200000,3.000000
IMD_5aEQ,8395.000000,4.263667,4.000000
