Name, Thickness(nm), Er, Z
IMD_1dEQ,850.000000,3.874737,1.000000
IMD_2a,95.000000,2.900000,2.000000
IMD_2b,220.000000,2.900000,3.000000
IMD_2cEQ,9265.000000,4.195821,4.000000
