Name, Thickness(nm), Er, Z
IMD_9cEQ,8630.000000,3.853706,1.000000
PASS1,75.000000,8.100000,2.000000
PASS2EQ,1725.000000,6.000460,3.000000
