Name, Thickness(nm), Er, Z
PASS4EQ,9430.000000,3.984236,1.000000
PASS5,400.000000,4.200000,2.000000
PASS6EQ,600.000000,8.100000,3.000000
