Name, Thickness(nm), Er, Z
IMD_1aEQ,640.000000,4.066093,1.000000
IMD_1b,130.000000,2.900000,2.000000
IMD_1cEQ,9660.000000,4.138972,3.000000
