Name, Thickness(nm), Er, Z
IMD_5aEQ,2130.000000,3.550377,1.000000
IMD_5b,220.000000,2.290000,2.000000
IMD_5cEQ,8080.000000,4.390985,3.000000
