Name, Thickness(nm), Er, Z
IMD_8dEQ,3810.000000,3.447489,1.000000
IMD_8e,50.000000,8.100000,2.000000
IMD_8fEQ,6570.000000,4.611126,3.000000
