Name, Thickness(nm), Er, Z
IMD_6bEQ,2745.000000,3.340352,1.000000
IMD_6c,50.000000,5.000000,2.000000
IMD_6d,30.000000,4.200000,3.000000
IMD_7a,95.000000,2.900000,4.000000
IMD_7b,220.000000,2.900000,5.000000
IMD_7c,50.000000,5.000000,6.000000
IMD_8aEQ,7240.000000,4.586323,7.000000
