Name, Thickness(nm), Er, Z
PASS1EQ,8705.000000,3.871191,1.000000
PASS2,400.000000,8.100000,2.000000
PASS3EQ,1325.000000,5.565000,3.000000
