Name, Thickness(nm), Er, Z
IMD_9bEQ,5355.000000,3.668711,1.000000
IMD_9c,3275.000000,4.200000,2.000000
PASS1EQ,1800.000000,6.065973,3.000000
