Name, Thickness(nm), Er, Z
IMD_2aEQ,945.000000,3.748091,1.000000
IMD_2b,220.000000,2.900000,2.000000
IMD_2c,50.000000,5.000000,3.000000
IMD_2d,30.000000,4.200000,4.000000
IMD_3aEQ,9185.000000,4.192137,5.000000
