Name, Thickness(nm), Er, Z
IMD_8bEQ,3408.000000,3.376136,1.000000
IMD_8c,80.000000,4.200000,2.000000
IMD_8d,322.000000,4.200000,3.000000
IMD_8eEQ,6620.000000,4.626175,4.000000
