Name, Thickness(nm), Er, Z
IMD_2bEQ,1165.000000,3.551933,1.000000
IMD_2c,50.000000,5.000000,2.000000
IMD_2d,30.000000,4.200000,3.000000
IMD_3a,95.000000,2.900000,4.000000
IMD_3bEQ,9090.000000,4.211750,5.000000
