Name, Thickness(nm), Er, Z
PASS2EQ,9105.000000,3.962064,1.000000
PASS3,75.000000,8.100000,2.000000
PASS4EQ,1250.000000,5.462428,3.000000
