Name, Thickness(nm), Er, Z
IMD_7bEQ,3140.000000,3.313868,1.000000
IMD_7c,50.000000,5.000000,2.000000
IMD_8aEQ,7240.000000,4.586323,3.000000
