Name, Thickness(nm), Er, Z
IMD_8fEQ,4635.000000,3.576806,1.000000
IMD_8g,50.000000,5.000000,2.000000
IMD_9aEQ,5745.000000,4.669627,3.000000
