Name, Thickness(nm), Er, Z
IMD_2aEQ,945.000000,3.748091,1.000000
IMD_2b,220.000000,2.900000,2.000000
IMD_2c,50.000000,5.000000,3.000000
IMD_2dEQ,9215.000000,4.192163,4.000000
