Name, Thickness(nm), Er, Z
IMD_4aEQ,1735.000000,3.659005,1.000000
IMD_4b,220.000000,2.900000,2.000000
IMD_4c,50.000000,5.000000,3.000000
IMD_4d,30.000000,4.200000,4.000000
IMD_5a,95.000000,2.900000,5.000000
IMD_5b,220.000000,2.290000,6.000000
IMD_5c,50.000000,5.000000,7.000000
IMD_5d,30.000000,4.200000,8.000000
IMD_6a,95.000000,2.900000,9.000000
IMD_6bEQ,7905.000000,4.415628,10.000000
