Name, Thickness(nm), Er, Z
IMD_4bEQ,1955.000000,3.554321,1.000000
IMD_4c,50.000000,5.000000,2.000000
IMD_4dEQ,8425.000000,4.263437,3.000000
