Name, Thickness(nm), Er, Z
ILDEQ,610.000000,4.046902,1.000000
IMD_1a,30.000000,4.500000,2.000000
IMD_1bEQ,9790.000000,4.115623,3.000000
