Name, Thickness(nm), Er, Z
IMD_1bEQ,770.000000,3.807605,1.000000
IMD_1c,50.000000,5.000000,2.000000
IMD_1dEQ,9610.000000,4.135267,3.000000
