Name, Thickness(nm), Er, Z
IMD_8eEQ,3860.000000,3.473331,1.000000
IMD_8f,775.000000,4.200000,2.000000
IMD_8gEQ,5795.000000,4.672291,3.000000
