Name, Thickness(nm), Er, Z
IMD_9aEQ,5305.000000,3.649891,1.000000
IMD_9b,50.000000,8.100000,2.000000
IMD_9cEQ,5075.000000,4.714356,3.000000
