Name, Thickness(nm), Er, Z
IMD_6bEQ,2745.000000,3.340352,1.000000
IMD_6c,50.000000,5.000000,2.000000
IMD_6d,30.000000,4.200000,3.000000
IMD_7aEQ,7605.000000,4.480837,4.000000
